Día,Atacante,Concello conquistado,Pertenecía a,Eliminado
1,Arzúa,Terra De Melide,Terra De Melide,Terra De Melide
2,Terra De Trives,Quiroga,Quiroga,Quiroga
3,Deza,Santiago,Santiago,Santiago
4,O Baixo Miño,Vigo,Vigo,Vigo
5,A Mariña Occidental,Ortegal,Ortegal,Ortegal
6,Arzúa,Betanzos,Betanzos,Betanzos
7,Terra De Lemos,Chantada,Chantada,Chantada
8,Bergantiños,A Coruña,A Coruña,A Coruña
9,Eume,Terra Chá,Terra Chá,Terra Chá
10,Sarria,Lugo,Lugo,Lugo
11,A Fonsagrada,A Mariña Oriental,A Mariña Oriental,A Mariña Oriental
12,A Paradanta,O Ribeiro,O Ribeiro,O Ribeiro
13,A Limia,Verín,Verín,Verín
14,Ordes,Xallas,Xallas,Xallas
15,Ferrol,Eume,Eume,
16,Viana,Valdeorras,Valdeorras,Valdeorras
17,Terra De Trives,Os Ancares,Os Ancares,Os Ancares
18,Allariz-Maceda,Terra De Caldelas,Terra De Caldelas,Terra De Caldelas
19,Noia,A Barcala,A Barcala,A Barcala
20,Noia,Barbanza,Barbanza,Barbanza
21,Meira,A Mariña Central,A Mariña Central,A Mariña Central
22,O Salnés,Caldas,Caldas,Caldas
23,Allariz-Maceda,Ourense,Ourense,Ourense
24,Terra De Soneira,Fisterra,Fisterra,Fisterra
25,O Carballiño,Tabeirós-Terra De Montes,Tabeirós-Terra De Montes,Tabeirós-Terra De Montes
26,Deza,O Sar,O Sar,O Sar
27,A Limia,Terra De Celanova,Terra De Celanova,Terra De Celanova
28,O Salnés,Pontevedra,Pontevedra,Pontevedra
29,O Morrazo,Pontevedra,O Salnés,
30,Eume,Eume,Ferrol,
31,Terra De Trives,A Fonsagrada,A Fonsagrada,
32,Ferrol,Eume,Eume,
33,Bergantiños,Ordes,Ordes,
34,Terra De Trives,A Mariña Oriental,A Fonsagrada,A Fonsagrada
35,O Carballiño,O Sar,Deza,
36,O Salnés,Barbanza,Noia,
37,Deza,Xallas,Ordes,Ordes
38,O Condado,A Paradanta,A Paradanta,
39,Muros,Fisterra,Terra De Soneira,
40,Terra De Soneira,Fisterra,Muros,
41,A Ulloa,Lugo,Sarria,
42,A Mariña Occidental,Terra Chá,Eume,Eume
43,A Limia,Baixa Limia,Baixa Limia,Baixa Limia
44,Bergantiños,Xallas,Deza,
45,O Carballiño,O Ribeiro,A Paradanta,A Paradanta
46,Terra De Trives,Sarria,Sarria,Sarria
47,A Ulloa,Chantada,Terra De Lemos,
48,Terra De Soneira,Muros,Muros,Muros
49,Terra De Trives,Terra De Lemos,Terra De Lemos,Terra De Lemos
50,O Baixo Miño,O Ribeiro,O Carballiño,
51,A Ulloa,Deza,Deza,
52,Arzúa,Santiago,Deza,Deza
53,Terra De Soneira,Noia,Noia,
54,A Limia,Terra De Trives,Terra De Trives,
55,Meira,A Mariña Oriental,Terra De Trives,
56,Allariz-Maceda,O Carballiño,O Carballiño,
57,Bergantiños,A Barcala,Noia,Noia
58,Allariz-Maceda,O Ribeiro,O Baixo Miño,
59,Ferrol,Terra Chá,A Mariña Occidental,
60,O Baixo Miño,A Paradanta,O Condado,
61,Ferrol,Ortegal,A Mariña Occidental,
62,Meira,A Mariña Occidental,A Mariña Occidental,A Mariña Occidental
63,Terra De Trives,Valdeorras,Viana,
64,A Limia,Viana,Viana,Viana
65,A Ulloa,Santiago,Arzúa,
66,Meira,Terra Chá,Ferrol,
67,Meira,A Fonsagrada,Terra De Trives,
68,O Condado,A Paradanta,O Baixo Miño,
69,Ferrol,Betanzos,Arzúa,
70,Meira,Betanzos,Ferrol,
71,Ferrol,Betanzos,Meira,
72,Terra De Trives,A Fonsagrada,Meira,
73,A Limia,Valdeorras,Terra De Trives,
74,A Limia,A Paradanta,O Condado,
75,Bergantiños,Santiago,A Ulloa,
76,O Condado,A Paradanta,A Limia,
77,Ferrol,Arzúa,Arzúa,
78,O Salnés,O Sar,O Carballiño,
79,A Ulloa,Terra De Melide,Arzúa,Arzúa
80,Meira,A Fonsagrada,Terra De Trives,
81,O Morrazo,Tabeirós-Terra De Montes,O Carballiño,O Carballiño
82,A Ulloa,Arzúa,Ferrol,
83,Terra De Soneira,A Barcala,Bergantiños,
84,Ferrol,A Coruña,Bergantiños,
85,Terra De Soneira,Santiago,Bergantiños,
86,Ferrol,Bergantiños,Bergantiños,
87,Ferrol,Ordes,Bergantiños,
88,Terra De Soneira,Xallas,Bergantiños,Bergantiños
89,Meira,Ortegal,Ferrol,
90,Allariz-Maceda,Tabeirós-Terra De Montes,O Morrazo,
91,Ferrol,Ortegal,Meira,
92,A Ulloa,Tabeirós-Terra De Montes,Allariz-Maceda,
93,O Condado,Vigo,O Baixo Miño,
94,A Limia,Terra De Caldelas,Allariz-Maceda,
95,Terra De Trives,A Fonsagrada,Meira,
96,O Salnés,Tabeirós-Terra De Montes,A Ulloa,
97,A Limia,Allariz-Maceda,Allariz-Maceda,
98,Meira,A Fonsagrada,Terra De Trives,
99,O Baixo Miño,Vigo,O Condado,
100,A Limia,A Paradanta,O Condado,
101,A Ulloa,O Carballiño,Allariz-Maceda,
102,O Salnés,Pontevedra,O Morrazo,
103,Allariz-Maceda,A Paradanta,A Limia,
104,Ferrol,Arzúa,A Ulloa,
105,O Baixo Miño,O Condado,O Condado,O Condado
106,O Morrazo,Pontevedra,O Salnés,
107,Terra De Trives,Ourense,Allariz-Maceda,
108,A Limia,Ourense,Terra De Trives,
109,Terra De Soneira,Arzúa,Ferrol,
110,O Morrazo,O Ribeiro,Allariz-Maceda,
111,O Morrazo,A Paradanta,Allariz-Maceda,Allariz-Maceda
112,Ferrol,Arzúa,Terra De Soneira,
113,Terra De Trives,A Fonsagrada,Meira,
114,A Ulloa,A Fonsagrada,Terra De Trives,
115,A Limia,A Paradanta,O Morrazo,
116,A Ulloa,O Ribeiro,O Morrazo,
117,Ferrol,Terra De Soneira,Terra De Soneira,
118,O Morrazo,O Ribeiro,A Ulloa,
119,O Salnés,Pontevedra,O Morrazo,
120,O Salnés,O Ribeiro,O Morrazo,
121,O Salnés,O Morrazo,O Morrazo,O Morrazo
122,A Ulloa,O Ribeiro,O Salnés,
123,O Salnés,O Ribeiro,A Ulloa,
124,Terra De Trives,A Fonsagrada,A Ulloa,
125,Terra De Trives,A Mariña Oriental,Meira,
126,Terra De Soneira,Terra De Soneira,Ferrol,
127,A Ulloa,O Ribeiro,O Salnés,
128,Meira,A Mariña Oriental,Terra De Trives,
129,A Limia,O Ribeiro,A Ulloa,
130,Ferrol,Terra De Soneira,Terra De Soneira,
131,Terra De Trives,A Mariña Oriental,Meira,
132,O Salnés,O Carballiño,A Ulloa,
133,Ferrol,Fisterra,Terra De Soneira,
134,Ferrol,Muros,Terra De Soneira,
135,O Salnés,Vigo,O Baixo Miño,
136,A Limia,Vigo,O Salnés,
137,O Salnés,Vigo,A Limia,
138,Ferrol,Terra De Melide,A Ulloa,
139,A Limia,Vigo,O Salnés,
140,Ferrol,Deza,A Ulloa,
141,A Ulloa,Deza,Ferrol,
142,O Salnés,Deza,A Ulloa,
143,O Salnés,Terra De Melide,Ferrol,
144,O Baixo Miño,Vigo,A Limia,
145,A Ulloa,Terra De Melide,O Salnés,
146,Terra De Trives,Chantada,A Ulloa,
147,A Limia,Chantada,Terra De Trives,
148,Ferrol,Terra De Melide,A Ulloa,
149,A Limia,A Ulloa,A Ulloa,
150,Terra De Soneira,Muros,Ferrol,
151,Terra De Soneira,Fisterra,Ferrol,
152,O Salnés,A Ulloa,A Limia,
153,Terra De Soneira,Terra De Soneira,Ferrol,
154,A Limia,Lugo,A Ulloa,A Ulloa
155,Meira,Lugo,A Limia,
156,Terra De Soneira,Bergantiños,Ferrol,
157,Ferrol,A Ulloa,O Salnés,
158,O Baixo Miño,A Paradanta,A Limia,
159,O Baixo Miño,O Ribeiro,A Limia,
160,Meira,A Ulloa,Ferrol,
161,Terra De Soneira,Deza,O Salnés,
162,O Baixo Miño,O Carballiño,O Salnés,
163,Terra De Soneira,A Ulloa,Meira,
164,Terra De Trives,Chantada,A Limia,
165,O Salnés,O Carballiño,O Baixo Miño,
166,Ferrol,A Ulloa,Terra De Soneira,
167,O Baixo Miño,O Carballiño,O Salnés,
168,Meira,A Ulloa,Ferrol,
169,Terra De Trives,A Ulloa,Meira,
170,A Limia,O Carballiño,O Baixo Miño,
171,O Salnés,O Carballiño,A Limia,
172,O Salnés,Deza,Terra De Soneira,
173,Terra De Trives,Terra De Melide,Ferrol,
174,Ferrol,Terra De Melide,Terra De Trives,
175,Meira,A Ulloa,Terra De Trives,
176,O Baixo Miño,O Carballiño,O Salnés,
177,Meira,Deza,O Salnés,
178,Ferrol,Deza,Meira,
179,O Baixo Miño,Deza,Ferrol,
180,A Limia,Chantada,Terra De Trives,
181,Terra De Trives,Chantada,A Limia,
182,Terra De Trives,A Ulloa,Meira,
183,Terra De Trives,Deza,O Baixo Miño,
184,Terra De Soneira,Deza,Terra De Trives,
185,O Baixo Miño,Deza,Terra De Soneira,
186,Ferrol,Deza,O Baixo Miño,
187,A Limia,O Carballiño,O Baixo Miño,
188,O Baixo Miño,O Carballiño,A Limia,
189,Meira,A Ulloa,Terra De Trives,
190,A Limia,O Carballiño,O Baixo Miño,
191,O Salnés,O Carballiño,A Limia,
192,Meira,A Mariña Oriental,Terra De Trives,
193,Terra De Trives,A Ulloa,Meira,
194,Terra De Soneira,Deza,Ferrol,
195,Ferrol,Deza,Terra De Soneira,
196,Ferrol,A Ulloa,Terra De Trives,
197,Terra De Trives,A Mariña Oriental,Meira,
198,A Limia,Chantada,Terra De Trives,
199,Terra De Trives,Chantada,A Limia,
200,O Baixo Miño,O Carballiño,O Salnés,
201,Ferrol,O Carballiño,O Baixo Miño,
202,O Salnés,O Carballiño,Ferrol,
203,O Salnés,O Ribeiro,O Baixo Miño,
204,O Salnés,Chantada,Terra De Trives,
205,Terra De Soneira,Barbanza,O Salnés,
206,O Baixo Miño,O Ribeiro,O Salnés,
207,A Limia,Chantada,O Salnés,
208,O Baixo Miño,O Carballiño,O Salnés,
209,A Limia,O Carballiño,O Baixo Miño,
210,Ferrol,Bergantiños,Terra De Soneira,
211,O Baixo Miño,O Carballiño,A Limia,
212,O Salnés,Barbanza,Terra De Soneira,
213,Terra De Soneira,Bergantiños,Ferrol,
214,A Limia,O Carballiño,O Baixo Miño,
215,O Salnés,O Carballiño,A Limia,
216,Terra De Trives,Chantada,A Limia,
217,O Baixo Miño,O Carballiño,O Salnés,
218,Meira,A Mariña Oriental,Terra De Trives,
219,Ferrol,O Carballiño,O Baixo Miño,
220,Terra De Soneira,Barbanza,O Salnés,
221,Ferrol,Bergantiños,Terra De Soneira,
222,A Limia,O Carballiño,Ferrol,
223,O Baixo Miño,O Carballiño,A Limia,
224,O Baixo Miño,Chantada,Terra De Trives,
225,O Salnés,Barbanza,Terra De Soneira,
226,Ferrol,Chantada,O Baixo Miño,
227,O Salnés,O Carballiño,O Baixo Miño,
228,O Salnés,O Ribeiro,O Baixo Miño,
229,A Limia,Chantada,Ferrol,
230,Meira,A Fonsagrada,Terra De Trives,
231,O Baixo Miño,O Ribeiro,O Salnés,
232,O Salnés,Chantada,A Limia,
233,Terra De Trives,Chantada,O Salnés,
234,Terra De Trives,A Ulloa,Ferrol,
235,O Salnés,Deza,Ferrol,
236,Ferrol,A Ulloa,Terra De Trives,
237,Terra De Soneira,Deza,O Salnés,
238,Terra De Trives,A Ulloa,Ferrol,
239,Terra De Soneira,A Ulloa,Terra De Trives,
240,Terra De Soneira,Bergantiños,Ferrol,
241,Meira,A Ulloa,Terra De Soneira,
242,Meira,Deza,Terra De Soneira,
243,O Baixo Miño,O Carballiño,O Salnés,
244,Ferrol,Deza,Meira,
245,Ferrol,A Ulloa,Meira,
246,A Limia,O Carballiño,O Baixo Miño,
247,O Salnés,O Carballiño,A Limia,
248,Terra De Soneira,Barbanza,O Salnés,
249,Meira,Ortegal,Ferrol,
250,O Baixo Miño,O Carballiño,O Salnés,
251,Terra De Trives,O Carballiño,O Baixo Miño,
252,Meira,Ferrol,Ferrol,
253,O Salnés,Barbanza,Terra De Soneira,
254,Meira,Eume,Ferrol,
255,A Limia,O Carballiño,Terra De Trives,
256,Terra De Trives,O Carballiño,A Limia,
257,Terra De Trives,A Ulloa,Ferrol,
258,Meira,A Ulloa,Terra De Trives,
259,O Baixo Miño,O Carballiño,Terra De Trives,
260,O Salnés,O Carballiño,O Baixo Miño,
261,Terra De Trives,A Ulloa,Meira,
262,Ferrol,A Ulloa,Terra De Trives,
263,Meira,A Ulloa,Ferrol,
264,O Baixo Miño,O Carballiño,O Salnés,
265,O Salnés,O Carballiño,O Baixo Miño,
266,Meira,Chantada,Terra De Trives,
267,Ferrol,Bergantiños,Terra De Soneira,
268,Terra De Soneira,Deza,Ferrol,
269,Meira,Deza,Terra De Soneira,
270,A Limia,Terra De Lemos,Terra De Trives,
271,Meira,Terra De Melide,Ferrol,
272,Ferrol,Terra De Soneira,Terra De Soneira,
273,A Limia,Quiroga,Terra De Trives,
274,O Baixo Miño,O Carballiño,O Salnés,
275,A Limia,Sarria,Terra De Trives,
276,Terra De Soneira,Terra De Soneira,Ferrol,
277,Terra De Trives,Sarria,A Limia,
278,O Baixo Miño,Deza,Meira,
279,Ferrol,Deza,O Baixo Miño,
280,O Salnés,O Carballiño,O Baixo Miño,
281,O Baixo Miño,O Carballiño,O Salnés,
282,Meira,Deza,Ferrol,
283,Ferrol,Terra De Soneira,Terra De Soneira,
284,Terra De Soneira,Terra De Soneira,Ferrol,
285,O Baixo Miño,Deza,Meira,
286,Terra De Trives,Chantada,Meira,
287,Ferrol,Deza,O Baixo Miño,
288,Terra De Trives,Deza,Ferrol,
289,O Salnés,O Carballiño,O Baixo Miño,
290,O Baixo Miño,O Carballiño,O Salnés,
291,Terra De Soneira,Deza,Terra De Trives,
292,O Salnés,O Carballiño,O Baixo Miño,
293,Terra De Trives,Deza,Terra De Soneira,
294,Meira,Deza,Terra De Trives,
295,Terra De Soneira,Arzúa,Ferrol,
296,Terra De Soneira,Deza,Meira,
297,A Limia,Chantada,Terra De Trives,
298,O Baixo Miño,O Carballiño,O Salnés,
299,O Salnés,O Carballiño,O Baixo Miño,
300,A Limia,Sarria,Terra De Trives,
301,O Salnés,Deza,Terra De Soneira,
302,Ferrol,Arzúa,Terra De Soneira,
303,O Salnés,Arzúa,Ferrol,
304,O Salnés,Betanzos,Ferrol,
305,Terra De Trives,A Fonsagrada,Meira,
306,Ferrol,Betanzos,O Salnés,
307,O Salnés,Betanzos,Ferrol,
308,O Baixo Miño,O Carballiño,O Salnés,
309,O Salnés,O Carballiño,O Baixo Miño,
310,Meira,Betanzos,O Salnés,
311,A Limia,Os Ancares,Terra De Trives,
312,Terra De Soneira,Arzúa,O Salnés,
313,O Salnés,Arzúa,Terra De Soneira,
314,O Salnés,Ordes,Ferrol,
315,O Baixo Miño,O Carballiño,O Salnés,
316,O Baixo Miño,Deza,O Salnés,
317,O Salnés,A Coruña,Ferrol,
318,Meira,A Fonsagrada,Terra De Trives,Terra De Trives
319,O Baixo Miño,Arzúa,O Salnés,
320,O Baixo Miño,Ordes,O Salnés,
321,Ferrol,A Coruña,O Salnés,
322,Ferrol,Ordes,O Baixo Miño,
323,Terra De Soneira,Arzúa,O Baixo Miño,
324,Meira,Arzúa,Terra De Soneira,
325,Terra De Soneira,Deza,O Baixo Miño,
326,Terra De Soneira,O Carballiño,O Baixo Miño,
327,Meira,A Coruña,Ferrol,
328,A Limia,O Carballiño,Terra De Soneira,
329,Ferrol,A Coruña,Meira,
330,Meira,Deza,Terra De Soneira,
331,Terra De Soneira,Ordes,Ferrol,
332,Meira,A Coruña,Ferrol,
333,O Baixo Miño,O Carballiño,A Limia,
334,Terra De Soneira,Bergantiños,Ferrol,Ferrol
335,Terra De Soneira,A Coruña,Meira,
336,O Baixo Miño,Deza,Meira,
337,Meira,Deza,O Baixo Miño,
338,A Limia,O Carballiño,O Baixo Miño,
339,O Salnés,O Carballiño,A Limia,
340,O Baixo Miño,O Carballiño,O Salnés,
341,A Limia,O Carballiño,O Baixo Miño,
342,A Limia,O Ribeiro,O Baixo Miño,
343,O Salnés,O Carballiño,A Limia,
344,O Baixo Miño,O Ribeiro,A Limia,
345,O Baixo Miño,O Carballiño,O Salnés,
346,Terra De Soneira,Barbanza,O Salnés,
347,A Limia,O Carballiño,O Baixo Miño,
348,O Salnés,Barbanza,Terra De Soneira,
349,O Salnés,O Carballiño,A Limia,
350,O Baixo Miño,O Carballiño,O Salnés,
351,Meira,O Carballiño,O Baixo Miño,
352,O Baixo Miño,O Carballiño,Meira,
353,Meira,O Carballiño,O Baixo Miño,
354,Terra De Soneira,Barbanza,O Salnés,
355,O Baixo Miño,O Carballiño,Meira,
356,O Salnés,Barbanza,Terra De Soneira,
357,A Limia,O Carballiño,O Baixo Miño,
358,O Salnés,O Carballiño,A Limia,
359,A Limia,O Carballiño,O Salnés,
360,O Baixo Miño,O Carballiño,A Limia,
361,O Baixo Miño,Deza,Meira,
362,A Limia,Deza,O Baixo Miño,
363,O Salnés,O Carballiño,O Baixo Miño,
364,A Limia,Arzúa,Meira,
365,A Limia,A Ulloa,Meira,
366,Meira,Arzúa,A Limia,
367,Meira,A Coruña,Terra De Soneira,
368,Meira,Deza,A Limia,
369,O Baixo Miño,O Carballiño,O Salnés,
370,Terra De Soneira,A Coruña,Meira,
371,A Limia,O Carballiño,O Baixo Miño,
372,O Salnés,O Carballiño,A Limia,
373,O Salnés,Deza,Meira,
374,O Baixo Miño,O Carballiño,O Salnés,
375,O Baixo Miño,Deza,O Salnés,
376,O Salnés,Deza,O Baixo Miño,
377,O Baixo Miño,Deza,O Salnés,
378,A Limia,Deza,O Baixo Miño,
379,O Baixo Miño,Deza,A Limia,
380,O Baixo Miño,A Ulloa,A Limia,
381,O Baixo Miño,Arzúa,Meira,
382,Meira,Arzúa,O Baixo Miño,
383,A Limia,A Ulloa,O Baixo Miño,
384,Terra De Soneira,Deza,O Baixo Miño,
385,O Salnés,O Carballiño,O Baixo Miño,
386,O Baixo Miño,O Carballiño,O Salnés,
387,Meira,Deza,Terra De Soneira,
388,Terra De Soneira,Deza,Meira,
389,O Salnés,O Carballiño,O Baixo Miño,
390,Terra De Soneira,A Ulloa,A Limia,
391,O Salnés,Deza,Terra De Soneira,
392,Terra De Soneira,Arzúa,Meira,
393,O Salnés,A Ulloa,Terra De Soneira,
394,O Salnés,Arzúa,Terra De Soneira,
395,O Baixo Miño,O Carballiño,O Salnés,
396,Terra De Soneira,Arzúa,O Salnés,
397,A Limia,A Ulloa,O Salnés,
398,Meira,Deza,O Salnés,
399,Terra De Soneira,Deza,Meira,
400,Meira,A Ulloa,A Limia,
401,O Baixo Miño,Deza,Terra De Soneira,
402,Meira,Deza,O Baixo Miño,
403,O Salnés,O Carballiño,O Baixo Miño,
404,O Baixo Miño,O Carballiño,O Salnés,
405,Terra De Soneira,Deza,Meira,
406,Terra De Soneira,O Carballiño,O Baixo Miño,
407,O Baixo Miño,O Carballiño,Terra De Soneira,
408,Meira,A Coruña,Terra De Soneira,
409,Terra De Soneira,A Coruña,Meira,
410,O Salnés,O Carballiño,O Baixo Miño,
411,Terra De Soneira,Barbanza,O Salnés,
412,Meira,A Coruña,Terra De Soneira,
413,O Salnés,Barbanza,Terra De Soneira,
414,A Limia,A Ulloa,Meira,
415,Meira,A Ulloa,A Limia,
416,O Salnés,Deza,Terra De Soneira,
417,Terra De Soneira,A Coruña,Meira,
418,A Limia,A Ulloa,Meira,
419,Meira,A Ulloa,A Limia,
420,Terra De Soneira,Deza,O Salnés,
421,Terra De Soneira,Barbanza,O Salnés,
422,A Limia,A Ulloa,Meira,
423,O Baixo Miño,O Carballiño,O Salnés,
424,A Limia,O Carballiño,O Baixo Miño,
425,O Baixo Miño,O Carballiño,A Limia,
426,O Baixo Miño,Deza,Terra De Soneira,
427,O Salnés,Barbanza,Terra De Soneira,
428,Terra De Soneira,Deza,O Baixo Miño,
429,O Salnés,O Carballiño,O Baixo Miño,
430,A Limia,Deza,Terra De Soneira,
431,O Baixo Miño,O Carballiño,O Salnés,
432,Meira,A Coruña,Terra De Soneira,
433,O Baixo Miño,Deza,A Limia,
434,Meira,Deza,O Baixo Miño,
435,A Limia,Deza,Meira,
436,O Salnés,O Carballiño,O Baixo Miño,
437,O Salnés,Deza,A Limia,
438,Meira,A Ulloa,A Limia,
439,A Limia,A Ulloa,Meira,
440,O Salnés,A Ulloa,A Limia,
441,Meira,A Ulloa,O Salnés,
442,Terra De Soneira,A Coruña,Meira,
443,O Salnés,Arzúa,Terra De Soneira,
444,O Baixo Miño,O Carballiño,O Salnés,
445,Meira,Arzúa,O Salnés,
446,O Salnés,O Carballiño,O Baixo Miño,
447,A Limia,A Ulloa,Meira,
448,O Baixo Miño,O Carballiño,O Salnés,
449,Meira,Deza,O Salnés,
450,A Limia,O Carballiño,O Baixo Miño,
451,Terra De Soneira,Deza,Meira,
452,Terra De Soneira,A Ulloa,A Limia,
453,O Baixo Miño,O Carballiño,A Limia,
454,O Baixo Miño,Deza,Terra De Soneira,
455,O Baixo Miño,A Ulloa,Terra De Soneira,
456,Meira,A Ulloa,O Baixo Miño,
457,Meira,Deza,O Baixo Miño,
458,O Baixo Miño,Deza,Meira,
459,O Salnés,Deza,O Baixo Miño,
460,Terra De Soneira,Deza,O Salnés,
461,O Baixo Miño,Deza,Terra De Soneira,
462,O Salnés,Deza,O Baixo Miño,
463,O Salnés,O Carballiño,O Baixo Miño,
464,Terra De Soneira,Arzúa,Meira,
465,Meira,A Coruña,Terra De Soneira,
466,Terra De Soneira,A Coruña,Meira,
467,O Salnés,Arzúa,Terra De Soneira,
468,Terra De Soneira,Arzúa,O Salnés,
469,Terra De Soneira,Deza,O Salnés,
470,Terra De Soneira,Barbanza,O Salnés,
471,A Limia,A Ulloa,Meira,
472,O Salnés,Barbanza,Terra De Soneira,
473,Meira,A Ulloa,A Limia,
474,Meira,A Coruña,Terra De Soneira,
475,A Limia,A Ulloa,Meira,
476,Meira,A Ulloa,A Limia,
477,Meira,Deza,Terra De Soneira,
478,Meira,Arzúa,Terra De Soneira,
479,A Limia,O Carballiño,O Salnés,
480,Terra De Soneira,A Coruña,Meira,
481,A Limia,O Ribeiro,O Baixo Miño,
482,Terra De Soneira,Barbanza,O Salnés,
483,A Limia,A Paradanta,O Baixo Miño,
484,O Baixo Miño,A Paradanta,A Limia,
485,Terra De Soneira,O Sar,O Salnés,
486,Terra De Soneira,Tabeirós-Terra De Montes,O Salnés,
487,Terra De Soneira,Caldas,O Salnés,
488,A Limia,A Paradanta,O Baixo Miño,
489,O Salnés,Vigo,O Baixo Miño,
490,Meira,A Coruña,Terra De Soneira,
491,O Baixo Miño,Vigo,O Salnés,
492,O Baixo Miño,A Paradanta,A Limia,
493,Meira,Os Ancares,A Limia,
494,A Limia,Os Ancares,Meira,
495,A Limia,A Paradanta,O Baixo Miño,
496,O Baixo Miño,A Paradanta,A Limia,
497,Meira,Os Ancares,A Limia,
498,Meira,Bergantiños,Terra De Soneira,
499,O Baixo Miño,Pontevedra,O Salnés,
500,Meira,Ordes,Terra De Soneira,
501,O Baixo Miño,O Morrazo,O Salnés,
502,O Salnés,Pontevedra,O Baixo Miño,
503,Meira,Terra De Soneira,Terra De Soneira,
504,O Baixo Miño,Pontevedra,O Salnés,
505,O Salnés,Pontevedra,O Baixo Miño,
506,O Salnés,O Morrazo,O Baixo Miño,
507,A Limia,Os Ancares,Meira,
508,Meira,Fisterra,Terra De Soneira,
509,Meira,Muros,Terra De Soneira,
510,Terra De Soneira,Muros,Meira,
511,Terra De Soneira,Fisterra,Meira,
512,Terra De Soneira,Terra De Soneira,Meira,
513,A Limia,A Paradanta,O Baixo Miño,
514,O Salnés,Vigo,O Baixo Miño,
515,Meira,Terra De Soneira,Terra De Soneira,
516,O Salnés,O Baixo Miño,O Baixo Miño,
517,A Limia,O Condado,O Baixo Miño,O Baixo Miño
518,A Limia,O Baixo Miño,O Salnés,
519,A Limia,Vigo,O Salnés,
520,Meira,Fisterra,Terra De Soneira,
521,Meira,Muros,Terra De Soneira,
522,Meira,Os Ancares,A Limia,
523,Meira,Xallas,Terra De Soneira,
524,Meira,A Barcala,Terra De Soneira,
525,Meira,Santiago,Terra De Soneira,
526,Terra De Soneira,O Salnés,O Salnés,
527,Terra De Soneira,Pontevedra,O Salnés,
528,A Limia,Os Ancares,Meira,
529,Meira,Noia,Terra De Soneira,
530,A Limia,A Fonsagrada,Meira,
531,A Limia,A Mariña Oriental,Meira,
532,Terra De Soneira,O Morrazo,O Salnés,O Salnés
533,A Limia,A Mariña Central,Meira,
534,Meira,A Mariña Central,A Limia,
535,A Limia,A Mariña Central,Meira,
536,A Limia,Meira,Meira,
537,Terra De Soneira,O Carballiño,A Limia,
538,Meira,Barbanza,Terra De Soneira,
539,Terra De Soneira,Barbanza,Meira,
540,Meira,Barbanza,Terra De Soneira,
541,Terra De Soneira,Barbanza,Meira,
542,A Limia,A Mariña Occidental,Meira,
543,A Limia,Ortegal,Meira,
544,Meira,Ortegal,A Limia,
545,Meira,Barbanza,Terra De Soneira,
546,Terra De Soneira,Barbanza,Meira,
547,Terra De Soneira,Chantada,A Limia,
548,Meira,Chantada,Terra De Soneira,
549,Terra De Soneira,Chantada,Meira,
550,Terra De Soneira,A Ulloa,Meira,
551,Meira,A Ulloa,Terra De Soneira,
552,A Limia,Chantada,Terra De Soneira,
553,Terra De Soneira,Chantada,A Limia,
554,Meira,Chantada,Terra De Soneira,
555,A Limia,Ortegal,Meira,
556,Meira,Ortegal,A Limia,
557,Meira,Barbanza,Terra De Soneira,
558,A Limia,Ortegal,Meira,
559,Meira,Ortegal,A Limia,
560,Terra De Soneira,Barbanza,Meira,
561,Meira,Barbanza,Terra De Soneira,
562,Terra De Soneira,Barbanza,Meira,
563,A Limia,Ortegal,Meira,
564,Meira,Ortegal,A Limia,
565,A Limia,Ortegal,Meira,
566,A Limia,Ferrol,Meira,
567,A Limia,Eume,Meira,
568,Terra De Soneira,Chantada,Meira,
569,A Limia,Chantada,Terra De Soneira,
570,Terra De Soneira,Chantada,A Limia,
571,A Limia,Chantada,Terra De Soneira,
572,A Limia,O Carballiño,Terra De Soneira,
573,A Limia,Terra Chá,Meira,
574,Meira,Barbanza,Terra De Soneira,
575,Meira,O Sar,Terra De Soneira,
576,Meira,Tabeirós-Terra De Montes,Terra De Soneira,
577,Meira,Caldas,Terra De Soneira,
578,A Limia,Lugo,Meira,
579,Terra De Soneira,Caldas,Meira,
580,Meira,Caldas,Terra De Soneira,
581,A Limia,A Ulloa,Meira,
582,Meira,O Salnés,Terra De Soneira,
583,A Limia,Pontevedra,Terra De Soneira,
584,A Limia,O Morrazo,Terra De Soneira,Terra De Soneira
585,A Limia,O Salnés,Meira,
586,Meira,O Salnés,A Limia,
587,A Limia,O Salnés,Meira,
588,Meira,O Salnés,A Limia,
589,A Limia,O Salnés,Meira,
590,A Limia,Terra De Melide,Meira,
591,Meira,O Salnés,A Limia,
592,A Limia,O Salnés,Meira,
593,A Limia,Betanzos,Meira,
594,A Limia,A Coruña,Meira,
595,Meira,A Coruña,A Limia,
596,Meira,O Salnés,A Limia,
597,Meira,Betanzos,A Limia,
598,A Limia,O Salnés,Meira,
599,A Limia,Betanzos,Meira,
600,A Limia,A Coruña,Meira,
601,Meira,A Coruña,A Limia,
602,Meira,O Salnés,A Limia,
603,Meira,Betanzos,A Limia,
604,Meira,Eume,A Limia,
605,A Limia,Eume,Meira,
606,Meira,Eume,A Limia,
607,Meira,Ferrol,A Limia,
608,Meira,Ortegal,A Limia,
609,A Limia,O Salnés,Meira,
610,A Limia,Ortegal,Meira,
611,A Limia,Ferrol,Meira,
612,Meira,O Salnés,A Limia,
613,Meira,Ferrol,A Limia,
614,A Limia,Ferrol,Meira,
615,A Limia,Eume,Meira,
616,A Limia,O Salnés,Meira,
617,A Limia,Betanzos,Meira,
618,Meira,O Salnés,A Limia,
619,A Limia,O Salnés,Meira,
620,A Limia,A Coruña,Meira,
621,Meira,A Coruña,A Limia,
622,Meira,O Salnés,A Limia,
623,A Limia,O Salnés,Meira,
624,Meira,O Salnés,A Limia,
625,A Limia,O Salnés,Meira,
626,A Limia,A Coruña,Meira,
627,A Limia,Bergantiños,Meira,
628,A Limia,Terra De Soneira,Meira,
629,Meira,Terra De Soneira,A Limia,
630,Meira,Bergantiños,A Limia,
631,A Limia,Bergantiños,Meira,
632,Meira,Bergantiños,A Limia,
633,A Limia,Bergantiños,Meira,
634,Meira,Bergantiños,A Limia,
635,A Limia,Bergantiños,Meira,
636,Meira,Bergantiños,A Limia,
637,A Limia,Bergantiños,Meira,
638,A Limia,Terra De Soneira,Meira,
639,A Limia,Fisterra,Meira,
640,A Limia,Muros,Meira,
641,Meira,Muros,A Limia,
642,A Limia,Muros,Meira,
643,Meira,Muros,A Limia,
644,A Limia,Muros,Meira,
645,Meira,Muros,A Limia,
646,Meira,Fisterra,A Limia,
647,A Limia,Fisterra,Meira,
648,A Limia,Muros,Meira,
649,A Limia,Ordes,Meira,
650,A Limia,Arzúa,Meira,
651,Meira,Muros,A Limia,
652,Meira,Fisterra,A Limia,
653,Meira,Terra De Soneira,A Limia,
654,A Limia,Terra De Soneira,Meira,
655,Meira,Terra De Soneira,A Limia,
656,Meira,O Salnés,A Limia,
657,Meira,Bergantiños,A Limia,
658,Meira,A Coruña,A Limia,
659,Meira,Ordes,A Limia,
660,Meira,Arzúa,A Limia,
661,Meira,Betanzos,A Limia,
662,A Limia,O Salnés,Meira,
663,A Limia,Betanzos,Meira,
664,Meira,O Salnés,A Limia,
665,A Limia,O Salnés,Meira,
666,A Limia,A Coruña,Meira,
667,A Limia,Bergantiños,Meira,
668,A Limia,Terra De Soneira,Meira,
669,A Limia,Fisterra,Meira,
670,Meira,Fisterra,A Limia,
671,Meira,Terra De Soneira,A Limia,
672,Meira,Bergantiños,A Limia,
673,A Limia,Bergantiños,Meira,
674,Meira,Bergantiños,A Limia,
675,A Limia,Bergantiños,Meira,
676,A Limia,Terra De Soneira,Meira,
677,Meira,Terra De Soneira,A Limia,
678,A Limia,Terra De Soneira,Meira,
679,A Limia,Fisterra,Meira,
680,Meira,Fisterra,A Limia,
681,A Limia,Fisterra,Meira,
682,A Limia,Muros,Meira,
683,A Limia,Ordes,Meira,
684,A Limia,Arzúa,Meira,
685,A Limia,Deza,Meira,
686,Meira,Muros,A Limia,
687,Meira,Fisterra,A Limia,
688,A Limia,Fisterra,Meira,
689,Meira,Fisterra,A Limia,
690,Meira,Terra De Soneira,A Limia,
691,Meira,O Salnés,A Limia,
692,Meira,Bergantiños,A Limia,
693,Meira,A Coruña,A Limia,
694,Meira,Ordes,A Limia,
695,Meira,Arzúa,A Limia,
696,A Limia,O Salnés,Meira,
697,A Limia,A Coruña,Meira,
698,A Limia,Arzúa,Meira,
699,Meira,A Coruña,A Limia,
700,A Limia,A Coruña,Meira,
701,Meira,A Coruña,A Limia,
702,A Limia,A Coruña,Meira,
703,A Limia,Bergantiños,Meira,
704,Meira,Bergantiños,A Limia,
705,A Limia,Bergantiños,Meira,
706,A Limia,Ordes,Meira,
707,Meira,O Salnés,A Limia,
708,A Limia,O Salnés,Meira,
709,A Limia,Terra De Soneira,Meira,
710,A Limia,Fisterra,Meira,
711,Meira,Fisterra,A Limia,
712,Meira,Terra De Soneira,A Limia,
713,A Limia,Terra De Soneira,Meira,
714,Meira,Terra De Soneira,A Limia,
715,Meira,O Salnés,A Limia,
716,A Limia,O Salnés,Meira,
717,A Limia,Terra De Soneira,Meira,
718,Meira,Terra De Soneira,A Limia,
719,Meira,O Salnés,A Limia,
720,A Limia,O Salnés,Meira,
721,A Limia,Terra De Soneira,Meira,
722,Meira,Terra De Soneira,A Limia,
723,Meira,O Salnés,A Limia,
724,A Limia,O Salnés,Meira,
725,Meira,O Salnés,A Limia,
726,A Limia,O Salnés,Meira,
727,A Limia,Terra De Soneira,Meira,
728,Meira,Terra De Soneira,A Limia,
729,Meira,O Salnés,A Limia,
730,A Limia,O Salnés,Meira,
731,A Limia,Terra De Soneira,Meira,
732,Meira,Terra De Soneira,A Limia,
733,Meira,O Salnés,A Limia,
734,A Limia,O Salnés,Meira,
735,A Limia,Terra De Soneira,Meira,
736,A Limia,Fisterra,Meira,
737,A Limia,Muros,Meira,
738,Meira,Muros,A Limia,
739,Meira,Fisterra,A Limia,
740,Meira,Terra De Soneira,A Limia,
741,Meira,O Salnés,A Limia,
742,Meira,Bergantiños,A Limia,
743,A Limia,O Salnés,Meira,
744,A Limia,Bergantiños,Meira,
745,Meira,O Salnés,A Limia,
746,Meira,Bergantiños,A Limia,
747,A Limia,O Salnés,Meira,
748,A Limia,Bergantiños,Meira,
749,A Limia,Terra De Soneira,Meira,
750,Meira,Terra De Soneira,A Limia,
751,A Limia,Terra De Soneira,Meira,
752,A Limia,Fisterra,Meira,
753,Meira,Fisterra,A Limia,
754,Meira,Terra De Soneira,A Limia,
755,Meira,O Salnés,A Limia,
756,A Limia,O Salnés,Meira,
757,Meira,O Salnés,A Limia,
758,Meira,Bergantiños,A Limia,
759,Meira,A Coruña,A Limia,
760,Meira,Ordes,A Limia,
761,A Limia,O Salnés,Meira,
762,Meira,O Salnés,A Limia,
763,A Limia,O Salnés,Meira,
764,Meira,O Salnés,A Limia,
765,Meira,Arzúa,A Limia,
766,A Limia,O Salnés,Meira,
767,Meira,O Salnés,A Limia,
768,Meira,Betanzos,A Limia,
769,A Limia,O Salnés,Meira,
770,A Limia,Arzúa,Meira,
771,A Limia,Betanzos,Meira,
772,A Limia,A Coruña,Meira,
773,A Limia,Bergantiños,Meira,
774,A Limia,Ordes,Meira,
775,A Limia,Terra De Soneira,Meira,
776,Meira,Terra De Soneira,A Limia,
777,A Limia,Terra De Soneira,Meira,
778,A Limia,Fisterra,Meira,
779,A Limia,Muros,Meira,
780,Meira,Muros,A Limia,
781,A Limia,Muros,Meira,
782,Meira,Muros,A Limia,
783,Meira,Fisterra,A Limia,
784,A Limia,Fisterra,Meira,
785,Meira,Fisterra,A Limia,
786,A Limia,Fisterra,Meira,
787,A Limia,Muros,Meira,
788,A Limia,Xallas,Meira,
789,A Limia,A Barcala,Meira,
790,A Limia,Santiago,Meira,
791,Meira,O Salnés,A Limia,
792,Meira,A Barcala,A Limia,
793,Meira,Muros,A Limia,
794,Meira,Fisterra,A Limia,
795,A Limia,A Barcala,Meira,
796,A Limia,Fisterra,Meira,
797,A Limia,Muros,Meira,
798,Meira,A Barcala,A Limia,
799,Meira,Muros,A Limia,
800,Meira,Fisterra,A Limia,
801,Meira,Terra De Soneira,A Limia,
802,A Limia,A Barcala,Meira,
803,A Limia,Terra De Soneira,Meira,
804,Meira,A Barcala,A Limia,
805,A Limia,A Barcala,Meira,
806,A Limia,Fisterra,Meira,
807,Meira,A Barcala,A Limia,
808,A Limia,A Barcala,Meira,
809,Meira,A Barcala,A Limia,
810,Meira,Fisterra,A Limia,
811,A Limia,A Barcala,Meira,
812,Meira,A Barcala,A Limia,
813,A Limia,A Barcala,Meira,
814,A Limia,Fisterra,Meira,
815,A Limia,Muros,Meira,
816,Meira,A Barcala,A Limia,
817,Meira,Muros,A Limia,
818,Meira,Fisterra,A Limia,
819,Meira,Terra De Soneira,A Limia,
820,Meira,Xallas,A Limia,
821,A Limia,O Salnés,Meira,
822,A Limia,A Barcala,Meira,
823,Meira,A Barcala,A Limia,
824,Meira,O Salnés,A Limia,
825,A Limia,O Salnés,Meira,
826,A Limia,A Barcala,Meira,
827,Meira,A Barcala,A Limia,
828,Meira,O Salnés,A Limia,
829,Meira,Bergantiños,A Limia,
830,Meira,A Coruña,A Limia,
831,Meira,Santiago,A Limia,
832,Meira,Ordes,A Limia,
833,Meira,Arzúa,A Limia,
834,Meira,Betanzos,A Limia,
835,A Limia,O Salnés,Meira,
836,A Limia,Arzúa,Meira,
837,Meira,O Salnés,A Limia,
838,A Limia,O Salnés,Meira,
839,A Limia,Betanzos,Meira,
840,Meira,O Salnés,A Limia,
841,Meira,Arzúa,A Limia,
842,A Limia,O Salnés,Meira,
843,Meira,O Salnés,A Limia,
844,A Limia,O Salnés,Meira,
845,Meira,O Salnés,A Limia,
846,Meira,Betanzos,A Limia,
847,Meira,Eume,A Limia,
848,A Limia,Eume,Meira,
849,Meira,Eume,A Limia,
850,A Limia,Eume,Meira,
851,A Limia,O Salnés,Meira,
852,Meira,O Salnés,A Limia,
853,Meira,Eume,A Limia,
854,A Limia,Eume,Meira,
855,A Limia,O Salnés,Meira,
856,A Limia,Arzúa,Meira,
857,A Limia,Betanzos,Meira,
858,Meira,O Salnés,A Limia,
859,A Limia,O Salnés,Meira,
860,Meira,O Salnés,A Limia,
861,A Limia,O Salnés,Meira,
862,Meira,O Salnés,A Limia,
863,A Limia,O Salnés,Meira,
864,A Limia,A Coruña,Meira,
865,Meira,A Coruña,A Limia,
866,A Limia,A Coruña,Meira,
867,A Limia,Bergantiños,Meira,
868,Meira,Bergantiños,A Limia,
869,Meira,A Coruña,A Limia,
870,Meira,O Salnés,A Limia,
871,Meira,Arzúa,A Limia,
872,Meira,Betanzos,A Limia,
873,A Limia,O Salnés,Meira,
874,Meira,O Salnés,A Limia,
875,A Limia,O Salnés,Meira,
876,Meira,O Salnés,A Limia,
877,A Limia,O Salnés,Meira,
878,Meira,O Salnés,A Limia,
879,A Limia,O Salnés,Meira,
880,Meira,O Salnés,A Limia,
881,A Limia,O Salnés,Meira,
882,Meira,O Salnés,A Limia,
883,A Limia,O Salnés,Meira,
884,A Limia,Arzúa,Meira,
885,Meira,O Salnés,A Limia,
886,Meira,Arzúa,A Limia,
887,Meira,Eume,A Limia,
888,A Limia,Eume,Meira,
889,Meira,Eume,A Limia,
890,Meira,Ferrol,A Limia,
891,Meira,Ortegal,A Limia,
892,Meira,A Mariña Occidental,A Limia,
893,Meira,A Mariña Central,A Limia,
894,Meira,A Mariña Oriental,A Limia,
895,Meira,Terra Chá,A Limia,
896,Meira,Meira,A Limia,
897,Meira,A Fonsagrada,A Limia,
898,Meira,Terra De Melide,A Limia,
899,A Limia,O Salnés,Meira,
900,Meira,O Salnés,A Limia,
901,A Limia,O Salnés,Meira,
902,Meira,O Salnés,A Limia,
903,Meira,Deza,A Limia,
904,Meira,A Ulloa,A Limia,
905,Meira,Lugo,A Limia,
906,A Limia,O Salnés,Meira,
907,A Limia,A Fonsagrada,Meira,
908,A Limia,A Mariña Oriental,Meira,
909,A Limia,A Mariña Central,Meira,
910,Meira,O Salnés,A Limia,
911,Meira,A Mariña Central,A Limia,
912,Meira,A Mariña Oriental,A Limia,
913,Meira,A Fonsagrada,A Limia,
914,A Limia,O Salnés,Meira,
915,A Limia,A Fonsagrada,Meira,
916,A Limia,A Mariña Oriental,Meira,
917,Meira,O Salnés,A Limia,
918,Meira,A Mariña Oriental,A Limia,
919,A Limia,O Salnés,Meira,
920,A Limia,A Mariña Oriental,Meira,
921,A Limia,A Mariña Central,Meira,
922,Meira,O Salnés,A Limia,
923,A Limia,O Salnés,Meira,
924,A Limia,Meira,Meira,
925,A Limia,A Mariña Occidental,Meira,
926,A Limia,Ortegal,Meira,
927,A Limia,Ferrol,Meira,
928,Meira,O Salnés,A Limia,
929,A Limia,O Salnés,Meira,
930,Meira,O Salnés,A Limia,
931,Meira,Ferrol,A Limia,
932,A Limia,Ferrol,Meira,
933,Meira,Ferrol,A Limia,
934,Meira,Ortegal,A Limia,
935,Meira,A Mariña Occidental,A Limia,
936,Meira,A Mariña Central,A Limia,
937,Meira,Meira,A Limia,
938,Meira,A Mariña Oriental,A Limia,
939,A Limia,O Salnés,Meira,
940,Meira,O Salnés,A Limia,
941,A Limia,O Salnés,Meira,
942,Meira,O Salnés,A Limia,
943,A Limia,O Salnés,Meira,
944,Meira,O Salnés,A Limia,
945,A Limia,O Salnés,Meira,
946,A Limia,A Mariña Oriental,Meira,
947,Meira,O Salnés,A Limia,
948,Meira,A Mariña Oriental,A Limia,
949,A Limia,O Salnés,Meira,
950,A Limia,A Mariña Oriental,Meira,
951,Meira,O Salnés,A Limia,
952,A Limia,O Salnés,Meira,
953,A Limia,A Mariña Central,Meira,
954,Meira,O Salnés,A Limia,
955,Meira,A Mariña Central,A Limia,
956,A Limia,O Salnés,Meira,
957,Meira,O Salnés,A Limia,
958,Meira,A Mariña Oriental,A Limia,
959,Meira,A Fonsagrada,A Limia,
960,Meira,Os Ancares,A Limia,
961,A Limia,O Salnés,Meira,
962,A Limia,Os Ancares,Meira,
963,A Limia,A Fonsagrada,Meira,
964,A Limia,A Mariña Oriental,Meira,
965,Meira,O Salnés,A Limia,
966,A Limia,O Salnés,Meira,
967,Meira,O Salnés,A Limia,
968,A Limia,O Salnés,Meira,
969,A Limia,A Mariña Central,Meira,
970,A Limia,Meira,Meira,
971,Meira,O Salnés,A Limia,
972,A Limia,O Salnés,Meira,
973,Meira,O Salnés,A Limia,
974,Meira,A Mariña Central,A Limia,
975,Meira,Meira,A Limia,
976,Meira,A Mariña Oriental,A Limia,
977,A Limia,O Salnés,Meira,
978,A Limia,A Mariña Oriental,Meira,
979,Meira,O Salnés,A Limia,
980,A Limia,O Salnés,Meira,
981,Meira,O Salnés,A Limia,
982,A Limia,O Salnés,Meira,
983,Meira,O Salnés,A Limia,
984,Meira,A Mariña Oriental,A Limia,
985,Meira,A Fonsagrada,A Limia,
986,Meira,Os Ancares,A Limia,
987,A Limia,O Salnés,Meira,
988,A Limia,Os Ancares,Meira,
989,Meira,O Salnés,A Limia,
990,A Limia,O Salnés,Meira,
991,Meira,O Salnés,A Limia,
992,A Limia,O Salnés,Meira,
993,Meira,O Salnés,A Limia,
994,Meira,Os Ancares,A Limia,
995,Meira,Sarria,A Limia,
996,A Limia,O Salnés,Meira,
997,A Limia,Sarria,Meira,
998,A Limia,Os Ancares,Meira,
999,A Limia,A Fonsagrada,Meira,
1000,Meira,O Salnés,A Limia,
1001,A Limia,O Salnés,Meira,
1002,A Limia,A Mariña Oriental,Meira,
1003,A Limia,A Mariña Central,Meira,
1004,A Limia,Meira,Meira,
1005,A Limia,A Mariña Occidental,Meira,
1006,Meira,O Salnés,A Limia,
1007,Meira,A Mariña Occidental,A Limia,
1008,A Limia,O Salnés,Meira,
1009,Meira,O Salnés,A Limia,
1010,A Limia,O Salnés,Meira,
1011,Meira,O Salnés,A Limia,
1012,Meira,A Mariña Central,A Limia,
1013,Meira,Meira,A Limia,
1014,Meira,A Mariña Oriental,A Limia,
1015,Meira,A Fonsagrada,A Limia,
1016,Meira,Os Ancares,A Limia,
1017,Meira,Sarria,A Limia,
1018,A Limia,O Salnés,Meira,
1019,Meira,O Salnés,A Limia,
1020,A Limia,O Salnés,Meira,
1021,Meira,O Salnés,A Limia,
1022,Meira,Chantada,A Limia,
1023,A Limia,O Salnés,Meira,
1024,Meira,O Salnés,A Limia,
1025,A Limia,O Salnés,Meira,
1026,A Limia,Sarria,Meira,
1027,A Limia,Os Ancares,Meira,
1028,Meira,O Salnés,A Limia,
1029,A Limia,O Salnés,Meira,
1030,A Limia,A Fonsagrada,Meira,
1031,Meira,O Salnés,A Limia,
1032,A Limia,O Salnés,Meira,
1033,A Limia,A Mariña Oriental,Meira,
1034,Meira,O Salnés,A Limia,
1035,A Limia,O Salnés,Meira,
1036,Meira,O Salnés,A Limia,
1037,A Limia,O Salnés,Meira,
1038,Meira,O Salnés,A Limia,
1039,A Limia,O Salnés,Meira,
1040,A Limia,A Mariña Central,Meira,
1041,A Limia,Meira,Meira,
1042,Meira,O Salnés,A Limia,
1043,Meira,A Mariña Central,A Limia,
1044,A Limia,O Salnés,Meira,
1045,A Limia,A Mariña Central,Meira,
1046,A Limia,A Mariña Occidental,Meira,
1047,A Limia,Ortegal,Meira,
1048,Meira,O Salnés,A Limia,
1049,A Limia,Ferrol,Meira,
1050,A Limia,O Salnés,Meira,
1051,Meira,O Salnés,A Limia,
1052,Meira,Ferrol,A Limia,
1053,A Limia,Ferrol,Meira,
1054,Meira,Ferrol,A Limia,
1055,Meira,Ortegal,A Limia,
1056,A Limia,O Salnés,Meira,
1057,Meira,O Salnés,A Limia,
1058,A Limia,O Salnés,Meira,
1059,Meira,O Salnés,A Limia,
1060,A Limia,O Salnés,Meira,
1061,Meira,O Salnés,A Limia,
1062,A Limia,O Salnés,Meira,
1063,Meira,O Salnés,A Limia,
1064,Meira,A Mariña Occidental,A Limia,
1065,Meira,A Mariña Central,A Limia,
1066,A Limia,O Salnés,Meira,
1067,Meira,O Salnés,A Limia,
1068,Meira,Meira,A Limia,
1069,A Limia,O Salnés,Meira,
1070,A Limia,A Mariña Central,Meira,
1071,Meira,O Salnés,A Limia,
1072,A Limia,O Salnés,Meira,
1073,A Limia,Meira,Meira,
1074,Meira,O Salnés,A Limia,
1075,Meira,A Mariña Central,A Limia,
1076,Meira,Meira,A Limia,
1077,Meira,A Mariña Oriental,A Limia,
1078,Meira,A Fonsagrada,A Limia,
1079,Meira,Os Ancares,A Limia,
1080,A Limia,O Salnés,Meira,
1081,Meira,O Salnés,A Limia,
1082,Meira,Sarria,A Limia,
1083,Meira,O Carballiño,A Limia,
1084,Meira,Pontevedra,A Limia,
1085,A Limia,Sarria,Meira,
1086,A Limia,Os Ancares,Meira,
1087,A Limia,A Fonsagrada,Meira,
1088,Meira,O Morrazo,A Limia,
1089,A Limia,A Mariña Oriental,Meira,
1090,Meira,A Mariña Oriental,A Limia,
1091,A Limia,A Mariña Oriental,Meira,
1092,Meira,A Mariña Oriental,A Limia,
1093,Meira,A Fonsagrada,A Limia,
1094,A Limia,A Fonsagrada,Meira,
1095,A Limia,A Mariña Oriental,Meira,
1096,A Limia,A Mariña Central,Meira,
1097,A Limia,Meira,Meira,
1098,A Limia,A Mariña Occidental,Meira,
1099,Meira,A Mariña Occidental,A Limia,
1100,Meira,A Mariña Central,A Limia,
1101,A Limia,A Mariña Central,Meira,
1102,Meira,A Mariña Central,A Limia,
1103,Meira,Meira,A Limia,
1104,Meira,A Mariña Oriental,A Limia,
1105,Meira,A Fonsagrada,A Limia,
1106,A Limia,A Fonsagrada,Meira,
1107,A Limia,A Mariña Oriental,Meira,
1108,Meira,A Mariña Oriental,A Limia,
1109,Meira,A Fonsagrada,A Limia,
1110,Meira,Os Ancares,A Limia,
1111,A Limia,Os Ancares,Meira,
1112,A Limia,A Fonsagrada,Meira,
1113,A Limia,A Mariña Oriental,Meira,
1114,Meira,A Mariña Oriental,A Limia,
1115,Meira,A Fonsagrada,A Limia,
1116,A Limia,A Fonsagrada,Meira,
1117,Meira,A Fonsagrada,A Limia,
1118,A Limia,A Fonsagrada,Meira,
1119,Meira,A Fonsagrada,A Limia,
1120,Meira,Os Ancares,A Limia,
1121,Meira,Sarria,A Limia,
1122,A Limia,Sarria,Meira,
1123,Meira,Sarria,A Limia,
1124,A Limia,Sarria,Meira,
1125,Meira,Sarria,A Limia,
1126,A Limia,Sarria,Meira,
1127,Meira,Sarria,A Limia,
1128,A Limia,Sarria,Meira,
1129,Meira,Sarria,A Limia,
1130,Meira,Terra De Lemos,A Limia,
1131,A Limia,Terra De Lemos,Meira,
1132,A Limia,Sarria,Meira,
1133,A Limia,Os Ancares,Meira,
1134,A Limia,A Fonsagrada,Meira,
1135,Meira,A Fonsagrada,A Limia,
1136,Meira,Os Ancares,A Limia,
1137,A Limia,Os Ancares,Meira,
1138,Meira,Os Ancares,A Limia,
1139,A Limia,Os Ancares,Meira,
1140,Meira,Os Ancares,A Limia,
1141,Meira,Sarria,A Limia,
1142,A Limia,Sarria,Meira,
1143,Meira,Sarria,A Limia,
1144,A Limia,Sarria,Meira,
1145,A Limia,Os Ancares,Meira,
1146,A Limia,A Fonsagrada,Meira,
1147,Meira,A Fonsagrada,A Limia,
1148,Meira,Os Ancares,A Limia,
1149,A Limia,Os Ancares,Meira,
1150,A Limia,A Fonsagrada,Meira,
1151,Meira,A Fonsagrada,A Limia,
1152,A Limia,A Fonsagrada,Meira,
1153,Meira,A Fonsagrada,A Limia,
1154,A Limia,A Fonsagrada,Meira,
1155,A Limia,A Mariña Oriental,Meira,
1156,A Limia,A Mariña Central,Meira,
1157,Meira,A Mariña Central,A Limia,
1158,Meira,A Mariña Oriental,A Limia,
1159,Meira,A Fonsagrada,A Limia,
1160,Meira,Os Ancares,A Limia,
1161,A Limia,Os Ancares,Meira,
1162,Meira,Os Ancares,A Limia,
1163,Meira,Sarria,A Limia,
1164,A Limia,Sarria,Meira,
1165,A Limia,Os Ancares,Meira,
1166,A Limia,A Fonsagrada,Meira,
1167,A Limia,A Mariña Oriental,Meira,
1168,Meira,A Mariña Oriental,A Limia,
1169,A Limia,A Mariña Oriental,Meira,
1170,Meira,A Mariña Oriental,A Limia,
1171,A Limia,A Mariña Oriental,Meira,
1172,Meira,A Mariña Oriental,A Limia,
1173,Meira,A Fonsagrada,A Limia,
1174,Meira,Os Ancares,A Limia,
1175,Meira,Sarria,A Limia,
1176,A Limia,Sarria,Meira,
1177,A Limia,Os Ancares,Meira,
1178,Meira,Os Ancares,A Limia,
1179,Meira,Sarria,A Limia,
1180,A Limia,Sarria,Meira,
1181,Meira,Sarria,A Limia,
1182,A Limia,Sarria,Meira,
1183,Meira,Sarria,A Limia,
1184,A Limia,Sarria,Meira,
1185,A Limia,Os Ancares,Meira,
1186,Meira,Os Ancares,A Limia,
1187,Meira,Sarria,A Limia,
1188,Meira,Terra De Lemos,A Limia,
1189,Meira,Quiroga,A Limia,
1190,Meira,Valdeorras,A Limia,
1191,A Limia,Valdeorras,Meira,
1192,A Limia,Terra De Lemos,Meira,
1193,A Limia,Quiroga,Meira,
1194,Meira,Terra De Lemos,A Limia,
1195,A Limia,Terra De Lemos,Meira,
1196,Meira,Terra De Lemos,A Limia,
1197,Meira,Quiroga,A Limia,
1198,Meira,Valdeorras,A Limia,
1199,Meira,Viana,A Limia,
1200,A Limia,Viana,Meira,
1201,Meira,Viana,A Limia,
1202,A Limia,Viana,Meira,
1203,A Limia,Valdeorras,Meira,
1204,A Limia,Terra De Lemos,Meira,
1205,A Limia,Quiroga,Meira,
1206,A Limia,Sarria,Meira,
1207,A Limia,Os Ancares,Meira,
1208,A Limia,A Fonsagrada,Meira,
1209,A Limia,A Mariña Oriental,Meira,
1210,A Limia,A Mariña Central,Meira,
1211,Meira,A Mariña Central,A Limia,
1212,Meira,A Mariña Oriental,A Limia,
1213,A Limia,A Mariña Oriental,Meira,
1214,A Limia,A Mariña Central,Meira,
1215,Meira,A Mariña Central,A Limia,
1216,A Limia,A Mariña Central,Meira,
1217,A Limia,Meira,Meira,
1218,Meira,A Mariña Central,A Limia,
1219,Meira,Meira,A Limia,
1220,Meira,A Mariña Oriental,A Limia,
1221,Meira,A Fonsagrada,A Limia,
1222,Meira,Os Ancares,A Limia,
1223,Meira,Sarria,A Limia,
1224,A Limia,Sarria,Meira,
1225,Meira,Sarria,A Limia,
1226,Meira,Terra De Lemos,A Limia,
1227,Meira,Quiroga,A Limia,
1228,Meira,Valdeorras,A Limia,
1229,Meira,Viana,A Limia,
1230,Meira,Terra De Trives,A Limia,
1231,Meira,Verín,A Limia,
1232,A Limia,Verín,Meira,
1233,Meira,Verín,A Limia,
1234,Meira,Terra De Caldelas,A Limia,
1235,A Limia,Verín,Meira,
1236,Meira,Verín,A Limia,
1237,A Limia,Verín,Meira,
1238,Meira,Verín,A Limia,
1239,Meira,Ourense,A Limia,
1240,Meira,Allariz-Maceda,A Limia,
1241,A Limia,Allariz-Maceda,Meira,
1242,A Limia,Verín,Meira,
1243,A Limia,Viana,Meira,
1244,Meira,Viana,A Limia,
1245,Meira,Verín,A Limia,
1246,A Limia,Verín,Meira,
1247,Meira,Verín,A Limia,
1248,A Limia,Verín,Meira,
1249,Meira,Verín,A Limia,
1250,Meira,Allariz-Maceda,A Limia,
1251,Meira,A Limia,A Limia,
1252,A Limia,A Limia,Meira,
1253,Meira,A Limia,A Limia,
1254,A Limia,A Limia,Meira,
1255,A Limia,Allariz-Maceda,Meira,
1256,Meira,Allariz-Maceda,A Limia,
1257,A Limia,Allariz-Maceda,Meira,
1258,A Limia,Verín,Meira,
1259,A Limia,Viana,Meira,
1260,Meira,Viana,A Limia,
1261,Meira,Verín,A Limia,
1262,A Limia,Verín,Meira,
1263,A Limia,Viana,Meira,
1264,Meira,Viana,A Limia,
1265,Meira,Verín,A Limia,
1266,Meira,Allariz-Maceda,A Limia,
1267,A Limia,Allariz-Maceda,Meira,
1268,A Limia,Verín,Meira,
1269,Meira,Verín,A Limia,
1270,Meira,Allariz-Maceda,A Limia,
1271,Meira,A Limia,A Limia,
1272,Meira,Baixa Limia,A Limia,
1273,Meira,Terra De Celanova,A Limia,
1274,Meira,O Ribeiro,A Limia,
1275,A Limia,O Ribeiro,Meira,
1276,Meira,O Ribeiro,A Limia,
1277,A Limia,O Ribeiro,Meira,
1278,A Limia,Terra De Celanova,Meira,
1279,A Limia,Baixa Limia,Meira,
1280,A Limia,A Limia,Meira,
1281,A Limia,Allariz-Maceda,Meira,
1282,Meira,Allariz-Maceda,A Limia,
1283,A Limia,Allariz-Maceda,Meira,
1284,A Limia,Verín,Meira,
1285,Meira,Verín,A Limia,
1286,A Limia,Verín,Meira,
1287,Meira,Verín,A Limia,
1288,Meira,Allariz-Maceda,A Limia,
1289,A Limia,Allariz-Maceda,Meira,
1290,A Limia,Verín,Meira,
1291,A Limia,Viana,Meira,
1292,A Limia,Valdeorras,Meira,
1293,A Limia,Terra De Trives,Meira,
1294,A Limia,Terra De Caldelas,Meira,
1295,A Limia,Quiroga,Meira,
1296,A Limia,Os Ancares,Meira,
1297,A Limia,A Fonsagrada,Meira,
1298,Meira,A Fonsagrada,A Limia,
1299,Meira,Os Ancares,A Limia,
1300,A Limia,Os Ancares,Meira,
1301,Meira,Os Ancares,A Limia,
1302,A Limia,Os Ancares,Meira,
1303,Meira,Os Ancares,A Limia,
1304,A Limia,Os Ancares,Meira,
1305,A Limia,A Fonsagrada,Meira,
1306,Meira,A Fonsagrada,A Limia,
1307,Meira,Os Ancares,A Limia,
1308,Meira,Quiroga,A Limia,
1309,Meira,Valdeorras,A Limia,
1310,Meira,Viana,A Limia,
1311,A Limia,Viana,Meira,
1312,A Limia,Valdeorras,Meira,
1313,A Limia,Quiroga,Meira,
1314,A Limia,Os Ancares,Meira,
1315,A Limia,A Fonsagrada,Meira,
1316,A Limia,A Mariña Oriental,Meira,
1317,A Limia,A Mariña Central,Meira,
1318,Meira,A Mariña Central,A Limia,
1319,A Limia,A Mariña Central,Meira,
1320,Meira,A Mariña Central,A Limia,
1321,Meira,A Mariña Oriental,A Limia,
1322,A Limia,A Mariña Oriental,Meira,
1323,A Limia,A Mariña Central,Meira,
1324,Meira,A Mariña Central,A Limia,
1325,A Limia,A Mariña Central,Meira,
1326,Meira,A Mariña Central,A Limia,
1327,A Limia,A Mariña Central,Meira,
1328,Meira,A Mariña Central,A Limia,
1329,A Limia,A Mariña Central,Meira,
1330,A Limia,Meira,Meira,
1331,Meira,A Mariña Central,A Limia,
1332,A Limia,A Mariña Central,Meira,
1333,A Limia,A Mariña Occidental,Meira,
1334,A Limia,Ortegal,Meira,
1335,Meira,Ortegal,A Limia,
1336,Meira,A Mariña Occidental,A Limia,
1337,A Limia,A Mariña Occidental,Meira,
1338,Meira,A Mariña Occidental,A Limia,
1339,Meira,A Mariña Central,A Limia,
1340,Meira,Meira,A Limia,
1341,Meira,A Mariña Oriental,A Limia,
1342,A Limia,A Mariña Oriental,Meira,
1343,Meira,A Mariña Oriental,A Limia,
1344,A Limia,A Mariña Oriental,Meira,
1345,A Limia,A Mariña Central,Meira,
1346,A Limia,Meira,Meira,
1347,Meira,A Mariña Central,A Limia,
1348,Meira,Meira,A Limia,
1349,A Limia,A Mariña Central,Meira,
1350,A Limia,Meira,Meira,
1351,Meira,A Mariña Central,A Limia,
1352,A Limia,A Mariña Central,Meira,
1353,Meira,A Mariña Central,A Limia,
1354,Meira,Meira,A Limia,
1355,A Limia,A Mariña Central,Meira,
1356,Meira,A Mariña Central,A Limia,
1357,Meira,A Mariña Oriental,A Limia,
1358,A Limia,A Mariña Oriental,Meira,
1359,A Limia,A Mariña Central,Meira,
1360,A Limia,Meira,Meira,
1361,A Limia,A Mariña Occidental,Meira,
1362,Meira,A Mariña Occidental,A Limia,
1363,Meira,A Mariña Central,A Limia,
1364,Meira,Meira,A Limia,
1365,Meira,A Mariña Oriental,A Limia,
1366,Meira,A Fonsagrada,A Limia,
1367,A Limia,A Fonsagrada,Meira,
1368,Meira,A Fonsagrada,A Limia,
1369,Meira,Os Ancares,A Limia,
1370,Meira,Quiroga,A Limia,
1371,A Limia,Quiroga,Meira,
1372,Meira,Quiroga,A Limia,
1373,Meira,Valdeorras,A Limia,
1374,Meira,Viana,A Limia,
1375,A Limia,Viana,Meira,
1376,Meira,Viana,A Limia,
1377,A Limia,Viana,Meira,
1378,A Limia,Valdeorras,Meira,
1379,Meira,Valdeorras,A Limia,
1380,Meira,Viana,A Limia,
1381,A Limia,Viana,Meira,
1382,A Limia,Valdeorras,Meira,
1383,A Limia,Quiroga,Meira,
1384,A Limia,Os Ancares,Meira,
1385,Meira,Os Ancares,A Limia,
1386,Meira,Quiroga,A Limia,
1387,Meira,Valdeorras,A Limia,
1388,Meira,Viana,A Limia,
1389,A Limia,Viana,Meira,
1390,A Limia,Valdeorras,Meira,
1391,Meira,Valdeorras,A Limia,
1392,Meira,Viana,A Limia,
1393,A Limia,Viana,Meira,
1394,A Limia,Valdeorras,Meira,
1395,A Limia,Quiroga,Meira,
1396,Meira,Quiroga,A Limia,
1397,Meira,Valdeorras,A Limia,
1398,Meira,Viana,A Limia,
1399,Meira,Terra De Trives,A Limia,
1400,Meira,Verín,A Limia,
1401,Meira,Terra De Caldelas,A Limia,
1402,Meira,Allariz-Maceda,A Limia,
1403,A Limia,Allariz-Maceda,Meira,
1404,Meira,Allariz-Maceda,A Limia,
1405,Meira,A Limia,A Limia,
1406,A Limia,A Limia,Meira,
1407,A Limia,Allariz-Maceda,Meira,
1408,A Limia,Verín,Meira,
1409,Meira,Verín,A Limia,
1410,Meira,Allariz-Maceda,A Limia,
1411,A Limia,Allariz-Maceda,Meira,
1412,Meira,Allariz-Maceda,A Limia,
1413,Meira,A Limia,A Limia,
1414,Meira,Baixa Limia,A Limia,
1415,A Limia,Baixa Limia,Meira,
1416,Meira,Baixa Limia,A Limia,
1417,A Limia,Baixa Limia,Meira,
1418,A Limia,A Limia,Meira,
1419,A Limia,Allariz-Maceda,Meira,
1420,Meira,Allariz-Maceda,A Limia,
1421,Meira,A Limia,A Limia,
1422,A Limia,A Limia,Meira,
1423,Meira,A Limia,A Limia,
1424,Meira,Baixa Limia,A Limia,
1425,Meira,Terra De Celanova,A Limia,
1426,Meira,O Ribeiro,A Limia,
1427,Meira,A Paradanta,A Limia,
1428,Meira,Vigo,A Limia,
1429,Meira,O Condado,A Limia,
1430,A Limia,O Condado,Meira,
1431,Meira,O Condado,A Limia,
1432,Meira,O Baixo Miño,A Limia,A Limia
